Plot #,Type,Species,Bottom,Middle,Top
1,woody,Acer rubrum,9,0,4
1,woody,Amelanchier arborea,1,1,1
1,woody,Amelanchier laevis,0,0,10
1,woody,Amelanchier sanguinea,2,1,0
1,woody,Carya spp.,2,31,19
1,woody,Crataegus spp.,1,1,1
1,woody,Fraxinus americana,0,0,0
1,woody,Hamamelis virginiana,42,22,29
1,woody,Populus grandidentata,0,0,0
1,woody,Prunus serotina,44,2189,113
1,woody,Prunus virginiana,162,106,75
1,woody,Quercus alba,17,0,0
1,woody,Quercus rubra,22,15,7
1,woody,Quercus velutina,0,5,0
1,woody,Sassafras albidum,0,15,12
1,woody,Tilia americana,0,1,1
1,woody,Ceanothus americana,0,0,0
1,woody,Celastrus scandens,0,0,0
1,woody,Cornus racemosa,1,0,1
1,woody,Gaylussacia baccata,0,31,82
1,woody,Juniperus communis,0,1,1
1,woody,Parthenocissus quinquefolia,0,0,0
1,woody,Ribes cynosbati,4,1,0
1,woody,Rosa carolina,7,1,10
1,woody,Vaccinium corymbosum,0,0,141
1,woody,Vitis spp.,0,1,0
1,herb,Antennaria fallax,0,0,0
1,herb,Agropyron trachycaulum,0,0,0
1,herb,Amphicarpa bracteata,1,1,7
1,herb,Amph. Bract. V com.,0,0,0
1,herb,Andropogon gerardi,0,0,0
1,herb,Andropogon scoparius,0,0,0
1,herb,Aster macrophyllus,1,4,12
1,herb,Aster sagittifolius,2,1,1
1,herb,Cystopteris fragilis,0,0,10
1,herb,Desmodium nudiflorum,1,0,4
1,herb,Desmodium paniculatum,0,0,0
1,herb,Desmodium rotundifolium,0,0,6
1,herb,Erigeron pulchellus,0,0,0
1,herb,Festuca obtusa,0,2,1
1,herb,Galium boreale,1,25,15
1,herb,Galium circaezans,1,3,1
1,herb,Galium pilosum,0,0,0
1,herb,Galium triflorum,0,0,0
1,herb,Geranium maculatum,13,18,1
1,herb,Hepatica americana,48,180,50
1,herb,Heuchera richardsonii,1,1,1
1,herb,Hieracium venosum,0,1,1
1,herb,Hystrix patula,0,1,1
1,herb,Lathyrus ochroleucus,1,1,6
1,herb,Lespedeza intermedia,0,0,0
1,herb,Lespedeza virginica,0,0,0
1,herb,Lysimachia quadrifolia,0,0,1
1,herb,Monarda fistulosa,1,0,0
1,herb,Oenothera biennis,0,0,0
1,herb,Osmorhiza claytoni,0,0,0
1,herb,Panicum dichotomum,0,0,1
1,herb,Panicum latifolium,0,0,0
1,herb,Pedicularis canadensis,0,0,0
1,herb,Phlox pilosa,0,0,0
1,herb,Phryma leptostachya,1,0,0
1,herb,Poa compressa,1,6,8
1,herb,Potentilla simplex,0,1,0
1,herb,Prenanthes alba,0,1,2
1,herb,Prunella vulgaris,1,1,1
1,herb,Rubus flagellaris,7,1,2
1,herb,Rubus occidentalis,12,1,1
1,herb,Rudberckia hirta,0,0,1
1,herb,Sanicula sp.,2,1,1
1,herb,Senecio pauperculus,0,0,0
1,herb,Solidago juncea,0,0,0
1,herb,Solidago nemoralis,0,1,1
1,herb,Taenidia integerrima,1,1,1
1,herb,Thalictrum dioicum,4,76,6
1,herb,Vicia carolina,0,0,0
1,herb,Viola sororia,1,8,1
1,herb,Adiantum pedatum,0,0,0
1,herb,Anemonella thalictroides,11,22,1
1,herb,Apocynum androsaemifolium,0,0,1
1,herb,Asclepias exaltata,0,0,0
1,herb,Asclepias syriaca,0,0,0
1,herb,Carex pensylvanica,49,100,81
1,herb,Euphorbia corrolata,0,0,0
1,herb,Poa pratensis,0,1,1
1,herb,Polygonatum biflorum,1,6,3
1,herb,Pteridium aquilinum,1,71,203
1,herb,Smilacina racemosa,34,32,12
1,herb,Uvularia grandiflora,1,1,1
1,herb,Veronicastrum virginianum,1,5,1
1,herb,Helianthus divaricatus,1,1,7
1,herb,Parietaria pensylvanica,0,0,0
2,woody,Acer rubrum,32,9,5
2,woody,Amelanchier arborea,2,1,13
2,woody,Amelanchier laevis,8,0,1
2,woody,Amelanchier sanguinea,0,1,1
2,woody,Carya spp.,111,77,234
2,woody,Crataegus sp.,3,1,5
2,woody,Fraxinus americana,0,0,0
2,woody,Hamamelis virginiana,0,0,1
2,woody,Populus grandidentata,0,0,0
2,woody,Prunus serotina,296,72,114
2,woody,Prunus virginiana,1,0,1
2,woody,Quercus alba,112,62,222
2,woody,Quercus rubra,0,0,0
2,woody,Quercus velutina,89,110,155
2,woody,Sassafras albidum,47,16,1
2,woody,Tilia americana,1,0,1
2,woody,Ceanothus americanus,1,0,0
2,woody,Celastrus scandens,0,0,0
2,woody,Cornus racemosa,0,0,0
2,woody,Gaylussacia baccata,0,0,0
2,woody,Juniperus communis,1,1,7
2,woody,Parthenocissus quinquefolia,0,0,0
2,woody,Ribes cynosbati,1,1,1
2,woody,Rosa carolina,1,19,23
2,woody,Vaccinium corymbosum,1,0,0
2,woody,Vitis sp.,2,5,4
2,herb,Antennaria fallax,1,1,14
2,herb,Agropyron trachycaulum,1,0,0
2,herb,Amphicarpa bracteata,54,658,1213
2,herb,Amph. Bract. V com.,0,0,0
2,herb,Andropogon gerardi,1,0,12
2,herb,Andropogon scoparius,0,0,1
2,herb,Aster macrophyllus,0,0,0
2,herb,Aster sagittifolius,1,1,1
2,herb,Cystopteris fragilis,0,0,0
2,herb,Desmodium nudiflorum,1,1,1
2,herb,Desmodium paniculatum,1,0,0
2,herb,Desmodium rotundifolium,0,0,0
2,herb,Erigeron pulchellus,5,1,0
2,herb,Festuca obtusa,0,0,0
2,herb,Galium boreale,0,0,0
2,herb,Galium circaezans,3,17,2
2,herb,Galium pilosum,38,42,38
2,herb,Galium triflorum,0,0,0
2,herb,Geranium maculatum,1,0,0
2,herb,Hepatica americana,1,19,4
2,herb,Heuchera richardsonii,0,0,0
2,herb,Hieracium venosum,23,1,1
2,herb,Hystrix patula,0,0,0
2,herb,Lathyrus ochroleucus,0,0,0
2,herb,Lespedeza intermedia,1,1,1
2,herb,Lespedeza virginica,6,2,9
2,herb,Lysimachia quadrifolia,1,0,0
2,herb,Monarda fistulosa,20,51,7
2,herb,Oenothera biennis,0,0,0
2,herb,Osmorhiza claytoni,0,0,0
2,herb,Panicum dichotomum,18,1,3
2,herb,Panicum latifolium,0,0,0
2,herb,Pedicularis canadensis,0,0,0
2,herb,Phlox pilosa,1,1,1
2,herb,Phryma leptostachya,0,0,0
2,herb,Poa compressa,7,52,79
2,herb,Potentilla simplex,14,0,4
2,herb,Prenanthes alba,1,1,0
2,herb,Prunella vulgaris,0,0,0
2,herb,Rubus flagellaris,2,27,86
2,herb,Rubus occidentalis,1,1,2
2,herb,Rudberckia hirta,1,2,12
2,herb,Sanicula sp.,0,0,0
2,herb,Senecio pauperculus,1,1,0
2,herb,Solidago juncea,4,1,1
2,herb,Solidago nemoralis,1,21,1
2,herb,Taenidia integerrima,1,6,27
2,herb,Thalictrum dioicum,0,0,0
2,herb,Vicia carolina,21,14,9
2,herb,Viola sororia,0,0,0
2,herb,Adiantum pedatum,0,0,0
2,herb,Anemonella thalictroides,0,0,0
2,herb,Apocynum androsaemifolium,1,1,1
2,herb,Asclepias exaltata,0,0,0
2,herb,Asclepias syriaca,1,5,1
2,herb,Carex pensylvanica,269,246,399
2,herb,Euphorbia corrolata,1,0,1
2,herb,Poa pratensis,91,61,91
2,herb,Polygonatum biflorum,1,4,8
2,herb,Pteridium aquilinum,179,376,243
2,herb,Smilacina racemosa,1,1,1
2,herb,Uvularia grandiflora,0,0,0
2,herb,Veronicastrum virginianum,0,0,0
2,herb,Helianthus divaricatus,33,19,21
2,herb,Parietaria pensylvanica,0,0,0
3,woody,Acer rubrum,10,29,21
3,woody,Amelanchier arborea,1,6,1
3,woody,Amelanchier laevis,1,1,0
3,woody,Amelanchier sanguinea,0,0,0
3,woody,Carya spp.,15,23,23
3,woody,Crataegus sp.,36,72,12
3,woody,Fraxinus americana,0,0,0
3,woody,Hamamelis virginiana,0,0,0
3,woody,Populus grandidentata,0,0,0
3,woody,Prunus serotina,891,393,117
3,woody,Prunus virginiana,1,17,2
3,woody,Quercus alba,50,55,8
3,woody,Quercus rubra,1,1,1
3,woody,Quercus velutina,19,29,92
3,woody,Sassafras albidum,1,1,1
3,woody,Tilia americana,0,0,0
3,woody,Ceanothus americanus,0,0,0
3,woody,Celastrus scandens,1,1,0
3,woody,Cornus racemosa,1,1,1
3,woody,Gaylussacia baccata,0,0,0
3,woody,Juniperus communis,1,1,1
3,woody,Parthenocissus quinquefolia,1,0,0
3,woody,Ribes cynosbati,1,1,0
3,woody,Rosa carolina,62,48,82
3,woody,Vaccinium corymbosum,0,0,0
3,woody,Vitis sp.,5,1,1
3,herb,Antennaria fallax,4,1,7
3,herb,Agropyron trachycaulum,1,1,0
3,herb,Amphicarpa bracteata,635,522,198
3,herb,Amph. Bract. V com.,0,0,0
3,herb,Andropogon gerardi,1,1,38
3,herb,Andropogon scoparius,0,0,64
3,herb,Aster macrophyllus,0,0,0
3,herb,Aster sagittifolius,1,1,7
3,herb,Cystopteris fragilis,0,0,0
3,herb,Desmodium nudiflorum,13,1,1
3,herb,Desmodium paniculatum,1,1,1
3,herb,Desmodium rotundifolium,0,0,0
3,herb,Erigeron pulchellus,8,1,0
3,herb,Festuca obtusa,0,0,0
3,herb,Galium boreale,0,0,0
3,herb,Galium circaezans,24,7,7
3,herb,Galium pilosum,16,19,13
3,herb,Galium triflorum,0,0,0
3,herb,Geranium maculatum,0,0,0
3,herb,Hepatica americana,5,8,1
3,herb,Heuchera richardsonii,0,0,0
3,herb,Hieracium venosum,6,18,40
3,herb,Hystrix patula,0,0,0
3,herb,Lathyrus ochroleucus,0,1,18
3,herb,Lespedeza intermedia,1,1,0
3,herb,Lespedeza virginica,7,25,11
3,herb,Lysimachia quadrifolia,20,0,0
3,herb,Monarda fistulosa,5,4,11
3,herb,Oenothera biennis,0,0,0
3,herb,Osmorhiza claytoni,0,0,0
3,herb,Panicum dichotomum,0,1,1
3,herb,Panicum latifolium,0,0,0
3,herb,Pedicularis canadensis,0,0,0
3,herb,Phlox pilosa,1,1,1
3,herb,Phryma leptostachya,0,0,0
3,herb,Poa compressa,15,3,58
3,herb,Potentilla simplex,1,0,27
3,herb,Prenanthes alba,1,0,0
3,herb,Prunella vulgaris,0,0,0
3,herb,Rubus flagellaris,36,34,64
3,herb,Rubus occidentalis,1,1,0
3,herb,Rudberckia hirta,0,0,0
3,herb,Sanicula sp.,1,0,0
3,herb,Senecio pauperculus,0,2,1
3,herb,Solidago juncea,1,9,7
3,herb,Solidago nemoralis,1,1,1
3,herb,Taenidia integerrima,16,49,30
3,herb,Thalictrum dioicum,0,0,0
3,herb,Vicia carolina,1,2,1
3,herb,Viola sororia,2,1,0
3,herb,Adiantum pedatum,0,0,0
3,herb,Anemonella thalictroides,29,4,8
3,herb,Apocynum androsaemifolium,0,1,16
3,herb,Asclepias exaltata,0,0,0
3,herb,Asclepias syriaca,1,1,1
3,herb,Carex pensylvanica,264,399,206
3,herb,Euphorbia corrolata,1,1,3
3,herb,Poa pratensis,70,77,92
3,herb,Polygonatum biflorum,1,1,1
3,herb,Pteridium aquilinum,69,305,1
3,herb,Smilacina racemosa,1,1,1
3,herb,Uvularia grandiflora,0,0,0
3,herb,Veronicastrum virginianum,0,0,0
3,herb,Helianthus divaricatus,33,24,38
3,herb,Parietaria pensylvanica,0,0,0
4,woody,Acer rubrum,41,19,18
4,woody,Amelanchier arborea,1,1,1
4,woody,Amelanchier laevis,1,1,1
4,woody,Amelanchier sanguinea,0,0,0
4,woody,Carya spp.,22,76,25
4,woody,Crataegus sp.,22,47,19
4,woody,Fraxinus americana,0,0,0
4,woody,Hamamelis virginiana,0,0,0
4,woody,Populus grandidentata,0,1,0
4,woody,Prunus serotina,802,421,524
4,woody,Prunus virginiana,3,1,1
4,woody,Quercus alba,28,1,25
4,woody,Quercus rubra,0,1,0
4,woody,Quercus velutina,1,62,12
4,woody,Sassafras albidum,1,6,1
4,woody,Tilia americana,0,1,1
4,woody,Ceanothus americanus,0,0,0
4,woody,Celastrus scandens,1,0,1
4,woody,Cornus racemosa,3,11,1
4,woody,Gaylussacia baccata,0,0,0
4,woody,Juniperus communis,1,1,18
4,woody,Parthenocissus quinquefolia,0,0,0
4,woody,Ribes cynosbati,1,0,17
4,woody,Rosa carolina,41,75,64
4,woody,Vaccinium corymbosum,0,0,0
4,woody,Vitis sp.,1,0,1
4,herb,Antennaria fallax,1,15,11
4,herb,Agropyron trachycaulum,0,0,0
4,herb,Amphicarpa bracteata,362,625,595
4,herb,Amph. Bract. V com.,0,0,0
4,herb,Andropogon gerardi,1,10,18
4,herb,Andropogon scoparius,1,1,1
4,herb,Aster macrophyllus,0,0,0
4,herb,Aster sagittifolius,1,3,0
4,herb,Cystopteris fragilis,0,0,0
4,herb,Desmodium nudiflorum,1,1,13
4,herb,Desmodium paniculatum,1,0,24
4,herb,Desmodium rotundifolium,0,1,0
4,herb,Erigeron pulchellus,1,1,10
4,herb,Festuca obtusa,0,0,0
4,herb,Galium boreale,0,0,0
4,herb,Galium circaezans,20,0,1
4,herb,Galium pilosum,11,18,10
4,herb,Galium triflorum,0,0,0
4,herb,Geranium maculatum,0,0,3
4,herb,Hepatica americana,0,0,0
4,herb,Heuchera richardsonii,0,0,0
4,herb,Hieracium venosum,6,14,31
4,herb,Hystrix patula,0,0,0
4,herb,Lathyrus ochroleucus,3,1,0
4,herb,Lespedeza intermedia,16,1,1
4,herb,Lespedeza virginica,4,9,8
4,herb,Lysimachia quadrifolia,0,1,0
4,herb,Monarda fistulosa,7,19,1
4,herb,Oenothera biennis,0,0,0
4,herb,Osmorhiza claytoni,0,0,0
4,herb,Panicum dichotomum,1,1,1
4,herb,Panicum latifolium,0,0,0
4,herb,Pedicularis canadensis,0,0,0
4,herb,Phlox pilosa,0,1,1
4,herb,Phryma leptostachya,0,0,0
4,herb,Poa compressa,5,31,23
4,herb,Potentilla simplex,4,6,2
4,herb,Prenanthes alba,0,2,1
4,herb,Prunella vulgaris,0,0,0
4,herb,Rubus flagellaris,8,18,40
4,herb,Rubus occidentalis,0,0,0
4,herb,Rudberckia hirta,0,0,0
4,herb,Sanicula sp.,0,0,0
4,herb,Senecio pauperculus,0,1,1
4,herb,Solidago juncea,2,1,36
4,herb,Solidago nemoralis,1,2,7
4,herb,Taenidia integerrima,17,13,36
4,herb,Thalictrum dioicum,0,0,0
4,herb,Vicia carolina,0,1,1
4,herb,Viola sororia,0,0,0
4,herb,Adiantum pedatum,0,0,0
4,herb,Anemonella thalictroides,1,0,0
4,herb,Apocynum androsaemifolium,0,0,154
4,herb,Asclepias exaltata,0,0,0
4,herb,Asclepias syriaca,1,1,1
4,herb,Carex pensylvanica,181,353,267
4,herb,Euphorbia corrolata,13,4,1
4,herb,Poa pratensis,41,22,77
4,herb,Polygonatum biflorum,1,1,1
4,herb,Pteridium aquilinum,64,110,133
4,herb,Smilacina racemosa,8,1,1
4,herb,Uvularia grandiflora,0,0,0
4,herb,Veronicastrum virginianum,0,0,0
4,herb,Helianthus divaricatus,8,35,52
4,herb,Parietaria pensylvanica,0,0,0
6,woody,Acer rubrum,88,73,14
6,woody,Amelanchier arborea,3,26,19
6,woody,Amelanchier laevis,1,1,1
6,woody,Amelanchier sanguinea,0,0,0
6,woody,Carya spp.,40,110,33
6,woody,Crataegus sp.,2,1,1
6,woody,Fraxinus americana,5,0,0
6,woody,Hamamelis virginiana,95,159,0
6,woody,Populus grandidentata,1,0,0
6,woody,Prunus serotina,95,214,301
6,woody,Prunus virginiana,18,17,96
6,woody,Quercus alba,33,67,12
6,woody,Quercus rubra,1,1,1
6,woody,Quercus velutina,78,53,30
6,woody,Sassafras albidum,2,2,1
6,woody,Tilia americana,29,61,86
6,woody,Ceanothus americanus,0,0,0
6,woody,Celastrus scandens,0,0,0
6,woody,Cornus racemosa,9,1,6
6,woody,Gaylussacia baccata,0,39,0
6,woody,Juniperus communis,1,1,1
6,woody,Parthenocissus quinquefolia,1,17,2
6,woody,Ribes cynosbati,0,43,2
6,woody,Rosa carolina,19,33,19
6,woody,Vaccinium corymbosum,0,5,0
6,woody,Vitis spp.,1,1,1
6,herb,Antennaria fallax,0,1,1
6,herb,Agropyron trachycaulum,0,0,0
6,herb,Amphicarpa bracteata,1,8,23
6,herb,Amph. Bract. V com.,0,1,11
6,herb,Andropogon gerardi,0,0,0
6,herb,Andropogon scoparius,0,0,0
6,herb,Aster macrophyllus,4,48,32
6,herb,Aster sagittifolius,1,8,1
6,herb,Cystopteris fragilis,0,0,0
6,herb,Desmodium nudiflorum,8,1,1
6,herb,Desmodium paniculatum,0,0,0
6,herb,Desmodium rotundifolium,0,0,0
6,herb,Erigeron pulchellus,0,1,0
6,herb,Festuca obtusa,1,7,2
6,herb,Galium boreale,45,76,129
6,herb,Galium circaezans,1,1,1
6,herb,Galium pilosum,0,0,0
6,herb,Galium triflorum,4,24,2
6,herb,Geranium maculatum,19,52,6
6,herb,Hepatica americana,60,70,123
6,herb,Heuchera richardsonii,0,4,1
6,herb,Hieracium venosum,0,0,0
6,herb,Hystrix patula,0,0,0
6,herb,Lathyrus ochroleucus,1,1,3
6,herb,Lespedeza intermedia,0,0,0
6,herb,Lespedeza virginica,0,0,0
6,herb,Lysimachia quadrifolia,13,1,0
6,herb,Monarda fistulosa,7,1,1
6,herb,Oenothera biennis,0,0,0
6,herb,Osmorhiza claytoni,1,1,1
6,herb,Panicum dichotomum,0,0,0
6,herb,Panicum latifolium,0,0,0
6,herb,Pedicularis canadensis,0,0,0
6,herb,Phlox pilosa,0,0,0
6,herb,Phryma leptostachya,1,6,1
6,herb,Poa compressa,2,1,0
6,herb,Potentilla simplex,1,1,1
6,herb,Prenanthes alba,1,10,1
6,herb,Prunella vulgaris,0,1,0
6,herb,Rubus flagellaris,1,16,11
6,herb,Rubus occidentalis,1,19,21
6,herb,Rudberckia hirta,0,0,0
6,herb,Sanicula sp.,1,1,1
6,herb,Senecio pauperculus,0,0,0
6,herb,Solidago juncea,o,o,o
6,herb,Solidago nemoralis,0,0,0
6,herb,Taenidia integerrima,0,0,0
6,herb,Thalictrum dioicum,1,64,59
6,herb,Vicia carolina,1,1,1
6,herb,Viola sororia,1,4,1
6,herb,Adiantum pedatum,0,0,0
6,herb,Anemonella thalictroides,25,109,34
6,herb,Apocynum androsaemifolium,0,0,0
6,herb,Asclepias exaltata,29,16,1
6,herb,Asclepias syriaca,0,0,0
6,herb,Carex pensylvanica,581,674,409
6,herb,Euphorbia corrolata,0,0,0
6,herb,Poa pratensis,1,1,1
6,herb,Polygonatum biflorum,1,1,2
6,herb,Pteridium aquilinum,19,1,14
6,herb,Smilacina racemosa,21,22,9
6,herb,Uvularia grandiflora,11,1,13
6,herb,Veronicastrum virginianum,19,3,1
6,herb,Helianthus divaricatus,1,1,1
6,herb,Parietaria pensylvanica,0,0,0
7,woody,Acer rubrum,31,9,7
7,woody,Amelanchier arborea,24,12,37
7,woody,Amelanchier laevis,1,1,1
7,woody,Amelanchier sanguinea,0,0,0
7,woody,Carya spp.,57,17,31
7,woody,Crataegus sp.,1,5,1
7,woody,Fraxinus americana,0,0,0
7,woody,Hamamelis virginiana,0,0,0
7,woody,Populus grandidentata,70,1,0
7,woody,Prunus serotina,213,395,628
7,woody,Prunus virginiana,0,7,1
7,woody,Quercus alba,26,50,26
7,woody,Quercus rubra,2,20,1
7,woody,Quercus velutina,25,161,140
7,woody,Sassafras albidum,12,6,5
7,woody,Tilia americana,0,0,0
7,woody,Ceanothus americanus,1,1,13
7,woody,Celastrus scandens,1,0,0
7,woody,Cornus racemosa,11,0,1
7,woody,Gaylussacia baccata,17,0,0
7,woody,Juniperus communis,1,1,23
7,woody,Parthenocissus quinquefolia,65,1,1
7,woody,Ribes cynosbati,41,1,1
7,woody,Rosa carolina,1,19,5
7,woody,Vaccinium corymbosum,1,0,0
7,woody,Vitis sp.,1,23,19
7,herb,Antennaria fallax,1,16,71
7,herb,Agropyron trachycaulum,0,0,0
7,herb,Amphicarpa bracteata,0,0,0
7,herb,Amph. Bract. V com.,0,0,0
7,herb,Andropogon gerardi,1,2,1
7,herb,Andropogon scoparius,0,0,1
7,herb,Aster macrophyllus,0,0,0
7,herb,Aster sagittifolius,0,1,1
7,herb,Cystopteris fragilis,0,0,0
7,herb,Desmodium nudiflorum,8,1,1
7,herb,Desmodium paniculatum,0,0,0
7,herb,Desmodium rotundifolium,0,0,0
7,herb,Erigeron pulchellus,0,1,68
7,herb,Festuca obtusa,0,0,0
7,herb,Galium boreale,0,0,1
7,herb,Galium circaezans,8,9,10
7,herb,Galium pilosum,1,15,48
7,herb,Galium triflorum,1,5,17
7,herb,Geranium maculatum,0,0,0
7,herb,Hepatica americana,0,1,0
7,herb,Heuchera richardsonii,0,0,0
7,herb,Hieracium venosum,1,3,5
7,herb,Hystrix patula,0,0,0
7,herb,Lathyrus ochroleucus,0,0,0
7,herb,Lespedeza intermedia,0,1,145
7,herb,Lespedeza virginica,0,0,1
7,herb,Lysimachia quadrifolia,23,19,1
7,herb,Monarda fistulosa,10,15,86
7,herb,Oenothera biennis,1,1,32
7,herb,Osmorhiza claytoni,0,0,0
7,herb,Panicum dichotomum,0,0,0
7,herb,Panicum latifolium,0,0,0
7,herb,Pedicularis canadensis,0,0,0
7,herb,Phlox pilosa,3,10,4
7,herb,Phryma leptostachya,1,1,6
7,herb,Poa compressa,5,2,62
7,herb,Potentilla simplex,17,32,18
7,herb,Prenanthes alba,0,0,0
7,herb,Prunella vulgaris,0,0,49
7,herb,Rubus flagellaris,331,431,94
7,herb,Rubus occidentalis,0,1,1
7,herb,Rudberckia hirta,0,0,0
7,herb,Sanicula sp.,0,0,1
7,herb,Senecio pauperculus,0,3,47
7,herb,Solidago juncea,2,1,3
7,herb,Solidago nemoralis,0,1,2
7,herb,Taenidia integerrima,0,1,1
7,herb,Thalictrum dioicum,0,0,0
7,herb,Vicia carolina,0,0,0
7,herb,Viola sororia,2,25,37
7,herb,Adiantum pedatum,0,0,0
7,herb,Anemonella thalictroides,0,0,0
7,herb,Apocynum androsaemifolium,0,1,1
7,herb,Asclepias exaltata,0,0,0
7,herb,Asclepias syriaca,1,1,1
7,herb,Carex pensylvanica,315,292,188
7,herb,Euphorbia corrolata,3,1,1
7,herb,Poa pratensis,8,18,23
7,herb,Polygonatum biflorum,1,10,11
7,herb,Pteridium aquilinum,184,99,145
7,herb,Smilacina racemosa,1,1,1
7,herb,Uvularia  grandiflora,0,0,0
7,herb,Veronicastrum virginianum,0,0,0
7,herb,Helianthus divaricatus,14,29,18
7,herb,Parietaria pensylvanica,0,0,1
8,woody,Acer rubrum,16,14,12
8,woody,Amelanchier arborea,1,0,12
8,woody,Amelanchier laevis,0,1,0
8,woody,Amelanchier sanguinea,0,12,26
8,woody,Carya spp.,12,15,23
8,woody,Crataegus sp.,1,0,3
8,woody,Fraxinus americana,0,0,0
8,woody,Hamamelis virginiana,58,4,0
8,woody,Populus grandidentata,9,0,1
8,woody,Prunus serotina,4,5,42
8,woody,Prunus virginiana,1,1,1
8,woody,Quercus alba,1,13,34
8,woody,Quercus rubra,33,45,33
8,woody,Quercus velutina,1,1,30
8,woody,Sassafras albidum,1,1,1
8,woody,Tilia americana,0,0,0
8,woody,Ceanothus americanus,0,0,0
8,woody,Celastrus scandens,0,0,0
8,woody,Cornus racemosa,0,1,1
8,woody,Gaylussacia baccata,19,162,142
8,woody,Juniperus communis,0,1,2
8,woody,Parthenocissus quinquefolia,1,0,1
8,woody,Ribes cynosbati,1,6,1
8,woody,Rosa carolina,5,6,15
8,woody,Vaccinium corymbosum,0,45,90
8,woody,Vitis sp.,1,3,0
8,herb,Antennaria fallax,8,37,58
8,herb,Agropyron trachycaulum,4,16,8
8,herb,Amphicarpa bracteata,11,30,25
8,herb,Amph. Bract. V com.,0,0,0
8,herb,Andropogon gerardi,0,0,0
8,herb,Andropogon scoparius,0,0,0
8,herb,Aster macrophyllus,26,28,30
8,herb,Aster sagittifolius,5,4,2
8,herb,Cystopteris fragilis,0,1,0
8,herb,Desmodium nudiflorum,10,7,2
8,herb,Desmodium paniculatum,0,0,0
8,herb,Desmodium rotundifolium,0,0,0
8,herb,Erigeron pulchellus,0,0,1
8,herb,Festuca obtusa,28,1,1
8,herb,Galium boreale,3,29,109
8,herb,Galium circaezans,1,1,2
8,herb,Galium pilosum,0,0,0
8,herb,Galium triflorum,1,1,0
8,herb,Geranium maculatum,11,5,18
8,herb,Hepatica americana,123,93,151
8,herb,Heuchera richardsonii,1,8,31
8,herb,Hieracium venosum,0,0,1
8,herb,Hystrix patula,0,0,0
8,herb,Lathyrus ochroleucus,0,0,0
8,herb,Lespedeza intermedia,0,0,0
8,herb,Lespedeza virginica,0,0,0
8,herb,Lysimachia quadrifolia,0,0,0
8,herb,Monarda fistulosa,1,1,14
8,herb,Oenothera biennis,0,0,0
8,herb,Osmorhiza claytoni,0,0,0
8,herb,Panicum dichotomum,0,0,0
8,herb,Panicum latifolium,33,6,18
8,herb,Pedicularis canadensis,14,36,1
8,herb,Phlox pilosa,0,3,6
8,herb,Phryma leptostachya,0,1,0
8,herb,Poa compressa,4,23,74
8,herb,Potentilla simplex,1,0,0
8,herb,Prenanthes alba,2,11,7
8,herb,Prunella vulgaris,9,7,12
8,herb,Rubus flagellaris,1,1,1
8,herb,Rubus occidentalis,1,16,1
8,herb,Rudberckia hirta,5,1,1
8,herb,Sanicula sp.,1,1,1
8,herb,Senecio pauperculus,0,0,0
8,herb,Solidago juncea,1,0,1
8,herb,Solidago nemoralis,1,0,1
8,herb,Taenidia integerrima,0,1,2
8,herb,Thalictrum dioicum,339,255,48
8,herb,Vicia carolina,1,1,0
8,herb,Viola sororia,3,2,10
8,herb,Adiantum pedatum,21,1,0
8,herb,Anemonella thalictroides,8,1,1
8,herb,Apocynum androsaemifolium,0,0,0
8,herb,Asclepias exaltata,1,3,0
8,herb,Asclepias syriaca,0,1,0
8,herb,Carex pensylvanica,361,366,364
8,herb,Euphorbia corrolata,0,0,0
8,herb,Poa pratensis,0,1,1
8,herb,Polygonatum biflorum,1,6,6
8,herb,Pteridium aquilinum,6,50,45
8,herb,Smilacina racemosa,9,6,18
8,herb,Uvularia grandiflora,1,1,2
8,herb,Veronicastrum virginianum,1,0,1
8,herb,Helianthus divaricatus,5,1,6
8,herb,Parietaria pensylvanica,1,0,0
9,woody,Acer rubrum,16,38,1
9,woody,Amelanchier arborea,1,19,2
9,woody,Amelanchier laevis,1,1,1
9,woody,Amelanchier sanguinea,0,0,0
9,woody,Carya spp.,6,1,9
9,woody,Crataegus sp.,1,1,1
9,woody,Fraxinus americana,0,0,0
9,woody,Hamamelis virginiana,0,0,0
9,woody,Populus grandidentata,1,1,1
9,woody,Prunus serotina,545,125,141
9,woody,Prunus virginiana,1,1,1
9,woody,Quercus alba,65,8,7
9,woody,Quercus rubra,0,1,0
9,woody,Quercus velutina,62,30,17
9,woody,Sassafras albidum,1,1,1
9,woody,Tilia americana,0,0,0
9,woody,Ceanothus americanus,0,0,0
9,woody,Celastrus scandens,1,1,1
9,woody,Cornus racemosa,9,1,1
9,woody,Gaylussacia baccata,0,0,0
9,woody,Juniperus communis,1,1,1
9,woody,Parthenocissus quinquefolia,0,1,0
9,woody,Ribes cynosbati,12,7,1
9,woody,Rosa carolina,1,10,7
9,woody,Vaccinium corymbosum,1,1,0
9,woody,Vitis sp.,1,2,15
9,herb,Antennaria fallax,4,1,15
9,herb,Agropyron trachycaulum,0,0,0
9,herb,Amphicarpa bracteata,338,1156,1716
9,herb,Amph. Bract. V com.,1,1,45
9,herb,Andropogon gerardi,0,9,142
9,herb,Andropogon scoparius,0,1,137
9,herb,Aster macrophyllus,0,0,0
9,herb,Aster sagittifolius,4,31,16
9,herb,Cystopteris fragilis,0,0,0
9,herb,Desmodium nudiflorum,13,2,1
9,herb,Desmodium paniculatum,1,1,0
9,herb,Desmodium rotundifolium,1,160,0
9,herb,Erigeron pulchellus,1,15,27
9,herb,Festuca obtusa,0,0,0
9,herb,Galium boreale,0,0,0
9,herb,Galium circaezans,11,3,1
9,herb,Galium pilosum,1,21,13
9,herb,Galium triflorum,0,0,0
9,herb,Geranium maculatum,1,0,0
9,herb,Hepatica americana,0,1,4
9,herb,Heuchera richardsonii,0,0,0
9,herb,Hieracium venosum,1,24,1
9,herb,Hystrix patula,0,0,0
9,herb,Lathyrus ochroleucus,0,0,0
9,herb,Lespedeza intermedia,0,0,1
9,herb,Lespedeza virginica,2,27,11
9,herb,Lysimachia quadrifolia,4,4,1
9,herb,Monarda fistulosa,4,9,8
9,herb,Oenothera biennis,0,1,1
9,herb,Osmorhiza claytoni,0,0,0
9,herb,Panicum dichotomum,0,1,0
9,herb,Panicum latifolium,1,2,0
9,herb,Pedicularis canadensis,0,0,0
9,herb,Phlox pilosa,1,6,21
9,herb,Phryma leptostachya,0,0,0
9,herb,Poa compressa,15,30,104
9,herb,Potentilla simplex,1,1,0
9,herb,Prenanthes alba,0,0,0
9,herb,Prunella vulgaris,0,0,0
9,herb,Rubus flagellaris,4,6,3
9,herb,Rubus occidentalis,15,1,1
9,herb,Rudberckia hirta,0,1,0
9,herb,Sanicula sp.,0,0,0
9,herb,Senecio pauperculus,0,1,5
9,herb,Solidago juncea,4,1,1
9,herb,Solidago nemoralis,1,1,2
9,herb,Taenidia integerrima,6,10,13
9,herb,Thalictrum dioicum,0,0,0
9,herb,Vicia carolina,7,4,7
9,herb,Viola sororia,9,0,0
9,herb,Adiantum pedatum,0,0,0
9,herb,Anemonella thalictroides,0,0,0
9,herb,Apocynum androsaemifolium,0,1,2
9,herb,Asclepias exaltata,0,0,0
9,herb,Asclepias syriaca,1,0,1
9,herb,Carex pensylvanica,222,405,211
9,herb,Euphorbia corrolata,1,3,1
9,herb,Poa pratensis,17,42,27
9,herb,Polygonatum biflorum,2,4,6
9,herb,Pteridium aquilinum,1,146,9
9,herb,Smilacina racemosa,5,1,2
9,herb,Uvularia grandiflora,0,0,0
9,herb,Veronicastrum virginianum,0,0,0
9,herb,Helianthus divaricatus,43,72,83
9,herb,Parietaria pensylvanica,0,0,0
10,woody,Acer rubrum,3,20,35
10,woody,Amelanchier arborea,0,1,5
10,woody,Amelanchier laevis,10,3,1
10,woody,Amelanchier sanguinea,0,0,3
10,woody,Carya spp.,0,9,20
10,woody,Crataegus sp.,0,1,1
10,woody,Fraxinus americana,0,0,0
10,woody,Hamamelis virginiana,106,55,124
10,woody,Populus grandidentata,0,0,0
10,woody,Prunus serotina,26,68,235
10,woody,Prunus virginiana,30,0,4
10,woody,Quercus alba,1,1,17
10,woody,Quercus rubra,1,2,1
10,woody,Quercus velutina,1,4,9
10,woody,Sassafras albidum,1,1,1
10,woody,Tilia americana,1,1,2
10,woody,Ceanothus americanus,0,0,0
10,woody,Celastrus scandens,0,0,1
10,woody,Cornus racemosa,1,0,1
10,woody,Gaylussacia baccata,0,2,76
10,woody,Juniperus communis,0,1,1
10,woody,Parthenocissus quinquefolia,0,0,0
10,woody,Ribes cynosbati,1,17,1
10,woody,Rosa carolina,0,1,1
10,woody,Vaccinium corymbosum,0,0,12
10,woody,Vitis sp.,1,1,1
10,herb,Antennaria fallax,0,1,4
10,herb,Agropyron trachycaulum,0,0,0
10,herb,Amphicarpa bracteata,15,1,31
10,herb,Amph. bract. v. com.,0,0,0
10,herb,Andropogon gerardi,0,0,0
10,herb,Andropogon scoparius,0,0,0
10,herb,Aster macrophyllus,1,10,36
10,herb,Aster sagittifolius,1,7,3
10,herb,Cystopteris fragilis,1,0,0
10,herb,Desmodium nudiflorum,8,10,18
10,herb,Desmodium paniculatum,0,0,0
10,herb,Desmodium rotundifolium,0,0,0
10,herb,Erigeron pulchellus,0,0,1
10,herb,Festuca obtusa,1,16,1
10,herb,Galium boreale,1,1,34
10,herb,Galium circaezans,5,1,1
10,herb,Galium pilosum,0,0,0
10,herb,Galium triflorum,0,1,0
10,herb,Geranium maculatum,4,19,25
10,herb,Hepatica americana,54,95,135
10,herb,Heuchera richardsonii,1,1,2
10,herb,Hieracium venosum,0,1,1
10,herb,Hystrix patula,0,0,0
10,herb,Lathyrus ochroleucus,0,0,1
10,herb,Lespedeza intermedia,0,0,0
10,herb,Lespedeza virginica,0,0,0
10,herb,Lysimachia quadrifolia,0,1,1
10,herb,Monarda fistulosa,0,1,18
10,herb,Oenothera biennis,0,0,0
10,herb,Osmorhiza claytoni,0,0,0
10,herb,Panicum dichotomum,0,0,0
10,herb,Panicum latifolium,1,4,13
10,herb,Pedicularis canadensis,0,0,3
10,herb,Phlox pilosa,0,0,0
10,herb,Phryma leptostachya,20,2,1
10,herb,Poa compressa,0,4,15
10,herb,Potentilla simplex,0,0,4
10,herb,Prenanthes alba,1,1,6
10,herb,Prunella vulgaris,1,10,1
10,herb,Rubus flagellaris,0,1,1
10,herb,Rubus occidentalis,1,1,1
10,herb,Rudberckia hirta,1,1,1
10,herb,Sanicula sp.,1,1,1
10,herb,Senecio pauperculus,0,0,0
10,herb,Solidago juncea,0,1,0
10,herb,Solidago nemoralis,0,0,0
10,herb,Taenidia integerrima,0,5,6
10,herb,Thalictrum dioicum,43,154,105
10,herb,Vicia carolina,0,0,0
10,herb,Viola sororia,7,4,1
10,herb,Adiantum pedatum,65,32,1
10,herb,Anemonella thalictroides,1,1,11
10,herb,Apocynum androsaemifolium,0,0,0
10,herb,Asclepias exaltata,1,2,1
10,herb,Asclepias syriaca,0,0,0
10,herb,Carex pensylvanica,12,67,182
10,herb,Euphorbia corrolata,0,0,0
10,herb,Poa pratensis,0,1,1
10,herb,Polygonatum biflorum,1,1,5
10,herb,Pteridium aquilinum,0,0,1
10,herb,Smilacina racemosa,1,12,19
10,herb,Uvularia grandiflora,24,17,45
10,herb,Veronicastrum virginianum,1,1,0
10,herb,Helianthus divaricatus,1,1,1
10,herb,Parietaria pensylvanica,0,1,0
11,woody,Acer rubrum,1,1,1
11,woody,Amelanchier arborea,19,16,10
11,woody,Amelanchier laevis,1,0,1
11,woody,Amelanchier sanguinea,1,6,0
11,woody,Carya spp.,97,141,28
11,woody,Crataegus sp.,1,0,0
11,woody,Fraxinus americana,0,0,0
11,woody,Hamamelis virginiana,146,129,17
11,woody,Populus grandidentata,0,0,0
11,woody,Prunus serotina,69,156,65
11,woody,Prunus virginiana,0,1,1
11,woody,Quercus alba,13,22,1
11,woody,Quercus rubra,1,42,4
11,woody,Quercus velutina,15,7,1
11,woody,Sassafras albidum,1,0,1
11,woody,Tilia americana,1,1,1
11,woody,Ceanothus americanus,0,0,0
11,woody,Celastrus scandens,0,0,0
11,woody,Cornus racemosa,1,0,1
11,woody,Gaylussacia baccata,12,0,0
11,woody,Juniperus communis,0,0,0
11,woody,Parthenocissus quinquefolia,1,0,0
11,woody,Ribes cynosbati,1,0,0
11,woody,Rosa carolina,1,2,3
11,woody,Vaccinium corymbosum,0,0,0
11,woody,Vitis sp.,1,13,3
11,herb,Antennaria fallax,1,1,1
11,herb,Agropyron trachycaulum,1,1,1
11,herb,Amphicarpa bracteata,2,1,3
11,herb,Amph. Bract. V com.,5,0,0
11,herb,Andropogon gerardi,0,0,0
11,herb,Andropogon scoparius,0,0,0
11,herb,Aster macrophyllus,271,171,43
11,herb,Aster sagittifolius,1,1,1
11,herb,Cystopteris fragilis,0,0,0
11,herb,Desmodium nudiflorum,1,1,0
11,herb,Desmodium paniculatum,0,0,0
11,herb,Desmodium rotundifolium,0,0,0
11,herb,Erigeron pulchellus,0,1,1
11,herb,Festuca obtusa,1,1,1
11,herb,Galium boreale,301,151,45
11,herb,Galium circaezans,36,8,1
11,herb,Galium pilosum,0,0,0
11,herb,Galium triflorum,0,0,0
11,herb,Geranium maculatum,19,15,10
11,herb,Hepatica americana,97,91,70
11,herb,Heuchera richardsonii,5,5,1
11,herb,Hieracium venosum,0,0,1
11,herb,Hystrix patula,0,0,0
11,herb,Lathyrus ochroleucus,8,1,1
11,herb,Lespedeza intermedia,0,0,0
11,herb,Lespedeza virginica,0,0,0
11,herb,Lysimachia quadrifolia,0,0,0
11,herb,Monarda fistulosa,0,5,1
11,herb,Oenothera biennis,0,0,0
11,herb,Osmorhiza claytoni,0,0,0
11,herb,Panicum dichotomum,0,0,0
11,herb,Panicum latifolium,1,0,0
11,herb,Pedicularis canadensis,0,0,0
11,herb,Phlox pilosa,0,0,0
11,herb,Phryma leptostachya,0,0,0
11,herb,Poa compressa,2,9,8
11,herb,Potentilla simplex,0,0,0
11,herb,Prenanthes alba,0,0,0
11,herb,Prunella vulgaris,0,0,0
11,herb,Rubus flagellaris,0,1,3
11,herb,Rubus occidentalis,1,8,29
11,herb,Rudberckia hirta,0,0,0
11,herb,Sanicula sp.,1,10,1
11,herb,Senecio pauperculus,0,0,0
11,herb,Solidago juncea,0,1,0
11,herb,Solidago nemoralis,0,0,0
11,herb,Taenidia integerrima,1,0,0
11,herb,Thalictrum dioicum,24,1,1
11,herb,Vicia carolina,1,1,1
11,herb,Viola sororia,6,8,1
11,herb,Adiantum pedatum,0,0,0
11,herb,Anemonella thalictroides,18,19,15
11,herb,Apocynum androsaemifolium,0,1,0
11,herb,Asclepias exaltata,0,0,0
11,herb,Asclepias syriaca,1,8,1
11,herb,Carex pensylvanica,524,475,211
11,herb,Euphorbia corrolata,0,0,0
11,herb,Poa pratensis,0,3,12
11,herb,Polygonatum biflorum,9,7,2
11,herb,Pteridium aquilinum,1,0,1
11,herb,Smilacina racemosa,18,30,24
11,herb,Uvularia grandiflora,30,8,11
11,herb,Veronicastrum virginianum,2,3,1
11,herb,Helianthus divaricatus,1,1,7
11,herb,Parietaria pensylvanica,2,1,1
12,woody,Acer rubrum,21,7,8
12,woody,Amelanchier arborea,3,22,24
12,woody,Amelanchier laevis,2,1,1
12,woody,Amelanchier sanguinea,1,1,1
12,woody,Carya spp.,46,21,30
12,woody,Crataegus sp.,1,1,2
12,woody,Fraxinus americana,0,0,0
12,woody,Hamamelis virginiana,1,0,0
12,woody,Populus grandidentata,1,1,0
12,woody,Prunus serotina,48,51,141
12,woody,Prunus virginiana,1,1,1
12,woody,Quercus alba,294,80,46
12,woody,Quercus rubra,110,91,115
12,woody,Quercus velutina,45,106,23
12,woody,Sassafras albidum,1,1,1
12,woody,Tilia americana,0,0,0
12,woody,Ceanothus americanus,1,0,0
12,woody,Celastrus scandens,1,1,3
12,woody,Cornus racemosa,0,1,40
12,woody,Gaylussacia baccata,0,0,0
12,woody,Juniperus communis,1,1,6
12,woody,Parthenocissus quinquefolia,9,0,1
12,woody,Ribes cynosbati,3,0,1
12,woody,Rosa carolina,1,12,1
12,woody,Vaccinium corymbosum,2,0,0
12,woody,Vitis sp.,1,1,1
12,herb,Antennaria fallax,11,11,25
12,herb,Agropyron trachycaulum,1,1,0
12,herb,Amphicarpa bracteata,143,138,36
12,herb,Amph. Bract. V com.,0,0,0
12,herb,Andropogon gerardi,5,38,1
12,herb,Andropogon scoparius,0,13,1
12,herb,Aster macrophyllus,3,0,9
12,herb,Aster sagittifolius,14,15,3
12,herb,Cystopteris fragilis,0,0,0
12,herb,Desmodium nudiflorum,1,1,1
12,herb,Desmodium paniculatum,0,0,0
12,herb,Desmodium rotundifolium,0,0,0
12,herb,Erigeron pulchellus,1,2,1
12,herb,Festuca obtusa,0,0,0
12,herb,Galium boreale,0,0,0
12,herb,Galium circaezans,1,10,1
12,herb,Galium pilosum,11,26,18
12,herb,Galium triflorum,0,1,0
12,herb,Geranium maculatum,0,0,0
12,herb,Hepatica americana,25,1,1
12,herb,Heuchera richardsonii,3,1,5
12,herb,Hieracium venosum,1,1,1
12,herb,Hystrix patula,0,0,0
12,herb,Lathyrus ochroleucus,1,0,0
12,herb,Lespedeza intermedia,1,1,1
12,herb,Lespedeza virginica,10,23,2
12,herb,Lysimachia quadrifolia,4,1,1
12,herb,Monarda fistulosa,1,24,4
12,herb,Oenothera biennis,1,2,1
12,herb,Osmorhiza claytoni,0,0,0
12,herb,Panicum dichotomum,1,1,1
12,herb,Panicum latifolium,0,0,0
12,herb,Pedicularis canadensis,0,0,0
12,herb,Phlox pilosa,1,16,5
12,herb,Phryma leptostachya,0,0,0
12,herb,Poa compressa,20,25,78
12,herb,Potentilla simplex,11,11,1
12,herb,Prenanthes alba,0,0,0
12,herb,Prunella vulgaris,1,1,0
12,herb,Rubus flagellaris,12,231,125
12,herb,Rubus occidentalis,1,1,1
12,herb,Rudberckia hirta,17,22,12
12,herb,Sanicula sp.,0,0,0
12,herb,Senecio pauperculus,0,1,21
12,herb,Solidago juncea,1,5,1
12,herb,Solidago nemoralis,1,3,24
12,herb,Taenidia integerrima,1,2,29
12,herb,Thalictrum dioicum,0,0,0
12,herb,Vicia caroliniana,1,5,1
12,herb,Viola sororia,3,4,1
12,herb,Adiantum pedatum,0,0,0
12,herb,Anemonella thalictroides,0,0,0
12,herb,Apocynum androsaemifolium,28,45,10
12,herb,Asclepias exaltata,0,0,0
12,herb,Asclepias syriaca,1,1,1
12,herb,Carex pensylvanica,298,415,228
12,herb,Euphorbia corrolata,9,5,21
12,herb,Poa pratensis,25,1,8
12,herb,Polygonatum biflorum,1,4,5
12,herb,Pteridium aquilinum,13,184,82
12,herb,Smilacina racemosa,9,1,0
12,herb,Uvularia grandiflora,0,0,0
12,herb,Veronicastrum virginianum,0,0,0
12,herb,Helianthus divaricatus,16,20,23
12,herb,Parietaria pensylvanica,0,0,0
13,woody,Acer rubrum,81,10,10
13,woody,Amelanchier arborea,52,1,11
13,woody,Amelanchier laevis,1,0,0
13,woody,Amelanchier sanguinea,0,0,0
13,woody,Carya spp.,58,69,29
13,woody,Crataegus sp.,1,1,0
13,woody,Fraxinus americana,0,0,0
13,woody,Hamamelis virginiana,1,1,0
13,woody,Populus grandidentata,0,0,0
13,woody,Prunus serotina,626,458,398
13,woody,Prunus virginiana,38,12,128
13,woody,Quercus alba,365,491,113
13,woody,Quercus rubra,21,12,1
13,woody,Quercus velutina,65,9,39
13,woody,Sassafras albidum,1,26,1
13,woody,Tilia americana,0,0,0
13,woody,Ceanothus americanus,0,0,0
13,woody,Celastrus scandens,21,38,5
13,woody,Cornus racemosa,1,1,7
13,woody,Gaylussacia baccata,0,0,0
13,woody,Juniperus communis,11,1,3
13,woody,Parthenocissus quinquefolia,0,0,0
13,woody,Ribes cynosbati,33,14,31
13,woody,Rosa carolina,1,14,1
13,woody,Vaccinium corymbosum,1,3,0
13,woody,Vitis sp.,0,0,1
13,herb,Antennaria fallax,1,11,1
13,herb,Agropyron trachycaulum,4,1,1
13,herb,Amphicarpa bracteata,63,83,3
13,herb,Amph. Bract. V com.,0,0,0
13,herb,Andropogon gerardi,0,1,0
13,herb,Andropogon scoparius,0,0,0
13,herb,Aster macrophyllus,26,22,1
13,herb,Aster sagittifolius,1,3,1
13,herb,Cystopteris fragilis,0,0,1
13,herb,Desmodium nudiflorum,1,1,1
13,herb,Desmodium paniculatum,0,0,0
13,herb,Desmodium rotundifolium,0,0,0
13,herb,Erigeron pulchellus,1,0,0
13,herb,Festuca obtusa,9,1,0
13,herb,Galium boreale,38,27,4
13,herb,Galium circaezans,1,12,1
13,herb,Galium pilosum,0,0,0
13,herb,Galium triflorum,0,15,0
13,herb,Geranium maculatum,17,6,1
13,herb,Hepatica americana,191,61,103
13,herb,Heuchera richardsonii,0,0,3
13,herb,Hieracium venosum,0,0,1
13,herb,Hystrix patula,0,0,0
13,herb,Lathyrus ochroleucus,11,18,6
13,herb,Lespedeza intermedia,0,0,0
13,herb,Lespedeza virginica,0,0,0
13,herb,Lysimachia quadrifolia,1,30,19
13,herb,Monarda fistulosa,19,6,8
13,herb,Oenothera biennis,0,0,0
13,herb,Osmorhiza claytoni,0,0,0
13,herb,Panicum dichotomum,0,0,0
13,herb,Panicum latifolium,0,0,0
13,herb,Pedicularis canadensis,0,0,0
13,herb,Phlox pilosa,0,0,1
13,herb,Phryma leptostachya,0,1,0
13,herb,Poa compressa,4,55,38
13,herb,Potentilla simplex,4,23,1
13,herb,Prenanthes alba,0,6,1
13,herb,Prunella vulgaris,1,0,0
13,herb,Rubus flagellaris,11,32,20
13,herb,Rubus occidentalis,1,25,1
13,herb,Rudberckia hirta,0,1,0
13,herb,Sanicula sp.,9,1,0
13,herb,Senecio pauperculus,0,0,0
13,herb,Solidago juncea,1,1,1
13,herb,Solidago nemoralis,0,1,0
13,herb,Taenidia integerrima,1,0,0
13,herb,Thalictrum dioicum,26,1,0
13,herb,Vicia carolina,1,1,1
13,herb,Viola sororia,18,7,5
13,herb,Adiantum pedatum,0,0,0
13,herb,Anemonella thalictroides,38,7,3
13,herb,Apocynum androsaemifolium,0,0,1
13,herb,Asclepias exaltata,0,0,0
13,herb,Asclepias syriaca,2,3,1
13,herb,Carex pensylvanica,251,216,149
13,herb,Euphorbia corrolata,0,0,0
13,herb,Poa pratensis,10,6,29
13,herb,Polygonatum biflorum,1,2,10
13,herb,Pteridium aquilinum,22,2,43
13,herb,Smilacina racemosa,6,27,10
13,herb,Uvularia grandiflora ,1,1,1
13,herb,Veronicastrum virginianum,1,1,0
13,herb,Helianthus divaricatus,4,3,1
13,herb,Parietaria pensylvanica,0,0,1
14,woody,Acer rubrum,13,1,2
14,woody,Amelanchier arborea,11,1,13
14,woody,Amelanchier laevis,0,0,0
14,woody,Amelanchier sanguinea,0,1,0
14,woody,Carya spp.,57,51,19
14,woody,Crataegus sp.,1,1,24
14,woody,Fraxinus americana,0,0,0
14,woody,Hamamelis virginiana,382,61,52
14,woody,Populus grandidentata,4,1,1
14,woody,Prunus serotina,110,391,857
14,woody,Prunus virginiana,3,21,1
14,woody,Quercus alba,7,25,1
14,woody,Quercus rubra,0,0,0
14,woody,Quercus velutina,56,62,26
14,woody,Sassafras albidum,60,91,7
14,woody,Tilia americana,0,0,0
14,woody,Ceanothus americanus,24,1,1
14,woody,Celastrus scandens,1,0,0
14,woody,Cornus racemosa,1,1,1
14,woody,Gaylussacia baccata,0,0,0
14,woody,Juniperus communis,0,2,1
14,woody,Parthenocissus quinquefolia,1,1,1
14,woody,Ribes cynosbati,1,1,1
14,woody,Rosa carolina,11,3,11
14,woody,Vaccinium corymbosum,0,1,1
14,woody,Vitis sp.,1,14,1
14,herb,Antennaria fallax,1,1,2
14,herb,Agropyron trachycaulum,0,0,0
14,herb,Amphicarpa bracteata,143,1,0
14,herb,Amph. Bract. V com.,0,0,0
14,herb,Andropogon gerardi,0,1,1
14,herb,Andropogon scoparius,0,0,0
14,herb,Aster macrophyllus,0,0,0
14,herb,Aster sagittifolius,7,35,19
14,herb,Cystopteris fragilis,0,0,0
14,herb,Desmodium nudiflorum,34,1,9
14,herb,Desmodium paniculatum,0,0,0
14,herb,Desmodium rotundifolium,0,0,0
14,herb,Erigeron pulchellus,0,0,0
14,herb,Festuca obtusa,0,0,0
14,herb,Galium boreale,0,0,0
14,herb,Galium circaezans,21,31,9
14,herb,Galium pilosum,0,1,1
14,herb,Galium triflorum,1,1,6
14,herb,Geranium maculatum,1,16,1
14,herb,Hepatica americana,3,28,1
14,herb,Heuchera richardsonii,0,0,0
14,herb,Hieracium venosum,0,0,1
14,herb,Hystrix patula,0,0,0
14,herb,Lathyrus ochroleucus,0,0,1
14,herb,Lespedeza intermedia,1,0,0
14,herb,Lespedeza virginica,0,0,1
14,herb,Lysimachia quadrifolia,25,11,1
14,herb,Monarda fistulosa,31,10,7
14,herb,Oenothera biennis,0,0,0
14,herb,Osmorhiza claytoni,24,0,0
14,herb,Panicum dichotomum,0,0,0
14,herb,Panicum latifolium,0,0,0
14,herb,Pedicularis canadensis,0,0,0
14,herb,Phlox pilosa,1,1,1
14,herb,Phryma leptostachya,103,112,78
14,herb,Poa compressa,1,1,6
14,herb,Potentilla simplex,1,1,18
14,herb,Prenanthes alba,0,1,1
14,herb,Prunella vulgaris,0,0,0
14,herb,Rubus flagellaris,15,55,179
14,herb,Rubus occidentalis,1,1,1
14,herb,Rudberckia hirta,0,0,0
14,herb,Sanicula sp.,0,1,0
14,herb,Senecio pauperculus,0,0,0
14,herb,Solidago juncea,1,1,1
14,herb,Solidago nemoralis,0,0,1
14,herb,Taenidia integerrima,4,3,1
14,herb,Thalictrum dioicum,0,0,0
14,herb,Vicia caroliniana,0,1,1
14,herb,Viola sororia,4,10,8
14,herb,Adiantum pedatum,0,0,0
14,herb,Anemonella thalictroides,0,1,2
14,herb,Apocynum androsaemifolium,0,0,0
14,herb,Asclepias exaltata,0,0,0
14,herb,Asclepias syriaca,1,1,1
14,herb,Carex pensylvanica,299,205,191
14,herb,Euphorbia corrolata,1,0,1
14,herb,Poa pratensis,19,10,11
14,herb,Polygonatum biflorum,1,1,1
14,herb,Pteridium aquilinum,260,169,55
14,herb,Smilacina racemosa,14,29,14
14,herb,Uvularia grandiflora,0,0,0
14,herb,Veronicastrum virginianum,1,0,0
14,herb,Helianthus divaricatus,1,10,12
14,herb,Parietaria pensylvanica,0,0,0
15,woody,Acer rubrum,1,1,0
15,woody,Amelanchier arborea,1,17,1
15,woody,Amelanchier laevis,1,1,5
15,woody,Amelanchier sanguinea,1,0,0
15,woody,Carya spp.,83,83,14
15,woody,Crataegus sp.,1,0,0
15,woody,Fraxinus americana,0,0,0
15,woody,Hamamelis virginiana,0,0,0
15,woody,Populus grandidentata,0,0,0
15,woody,Prunus serotina,46,10,208
15,woody,Prunus virginiana,1,1,1
15,woody,Quercus alba,1,1,1
15,woody,Quercus rubra,37,15,7
15,woody,Quercus velutina,5,13,5
15,woody,Sassafras albidum,1,1,1
15,woody,Tilia americana,4,11,3
15,woody,Ceanothus americanus,0,0,0
15,woody,Celastrus scandens,0,0,0
15,woody,Cornus racemosa,0,0,0
15,woody,Gaylussacia baccata,0,0,0
15,woody,Juniperus communis,36,1,1
15,woody,Parthenocissus quinquefolia,1,0,1
15,woody,Ribes cynosbati,38,4,26
15,woody,Rosa carolina,5,7,3
15,woody,Vaccinium corymbosum,0,1,0
15,woody,Vitis sp.,3,1,1
15,herb,Antennaria fallax,7,1,1
15,herb,Agropyron trachycaulum,3,3,1
15,herb,Amphicarpa bracteata,235,1,7
15,herb,Amph. Bract. V com.,0,0,4
15,herb,Andropogon gerardi,0,0,0
15,herb,Andropogon scoparius,0,0,0
15,herb,Aster macrophyllus,1,0,1
15,herb,Aster sagittifolius,30,27,10
15,herb,Cystopteris fragilis,28,138,8
15,herb,Desmodium nudiflorum,1,1,0
15,herb,Desmodium paniculatum,0,0,0
15,herb,Desmodium rotundifolium,0,0,0
15,herb,Erigeron pulchellus,0,1,0
15,herb,Festuca obtusa,1,2,1
15,herb,Galium boreale,225,48,209
15,herb,Galium circaezans,0,1,0
15,herb,Galium pilosum,0,0,0
15,herb,Galium triflorum,0,0,0
15,herb,Geranium maculatum,41,3,1
15,herb,Hepatica americana,146,88,51
15,herb,Heuchera richardsonii,12,5,5
15,herb,Hieracium venosum,0,0,0
15,herb,Hystrix patula,21,1,0
15,herb,Lathyrus ochroleucus,1,0,1
15,herb,Lespedeza intermedia,0,0,0
15,herb,Lespedeza virginica,0,0,0
15,herb,Lysimachia quadrifolia,30,0,1
15,herb,Monarda fistulosa,9,20,13
15,herb,Oenothera biennis,0,0,0
15,herb,Osmorhiza claytoni,0,0,0
15,herb,Panicum dichotomum,0,0,0
15,herb,Panicum latifolium,2,0,0
15,herb,Pedicularis canadensis,0,0,0
15,herb,Phlox pilosa,0,0,0
15,herb,Phryma leptostachya,1,1,0
15,herb,Poa compressa,1,68,38
15,herb,Potentilla simplex,0,0,0
15,herb,Prenanthes alba,0,0,0
15,herb,Prunella vulgaris,5,0,0
15,herb,Rubus flagellaris,19,1,27
15,herb,Rubus occidentalis,198,16,10
15,herb,Rudberckia hirta,5,1,1
15,herb,Sanicula sp.,1,23,1
15,herb,Senecio pauperculus,0,0,0
15,herb,Solidago juncea,1,0,0
15,herb,Solidago nemoralis,1,1,1
15,herb,Taenidia integerrima,0,0,0
15,herb,Thalictrum dioicum,0,0,0
15,herb,Vicia carolina,1,0,0
15,herb,Viola sororia,20,10,4
15,herb,Adiantum pedatum,0,0,0
15,herb,Anemonella thalictroides,29,24,7
15,herb,Apocynum androsaemifolium,1,0,1
15,herb,Asclepias exaltata,1,0,2
15,herb,Asclepias syriaca,38,1,1
15,herb,Carex pensylvanica,574,415,380
15,herb,Euphorbia corrolata,0,0,0
15,herb,Poa pratensis,2,15,56
15,herb,Polygonatum biflorum,2,11,6
15,herb,Pteridium aquilinum,0,0,0
15,herb,Smilacina racemosa,7,3,1
15,herb,Uvularia grandiflora,1,3,7
15,herb,Veronicastrum virginianum,1,1,1
15,herb,Helianthus divaricatus,1,3,1
15,herb,Parietaria pensylvanica,20,41,12
16,woody,Acer rubrum,2,6,19
16,woody,Amelanchier arborea,11,4,4
16,woody,Amelanchier laevis,1,1,1
16,woody,Amelanchier sanguinea,0,4,1
16,woody,Carya spp.,13,27,76
16,woody,Crataegus sp.,1,1,1
16,woody,Fraxinus americana,1,1,36
16,woody,Hamamelis virginiana,5,0,1
16,woody,Populus grandidentata,0,0,0
16,woody,Prunus serotina,55,23,61
16,woody,Prunus virginiana,0,1,0
16,woody,Quercus alba,1,9,9
16,woody,Quercus rubra,7,11,1
16,woody,Quercus velutina,1,1,14
16,woody,Sassafras albidum,1,1,1
16,woody,Tilia americana,15,1,1
16,woody,Ceanothus americanus,0,0,1
16,woody,Celastrus scandens,14,0,0
16,woody,Cornus racemosa,1,0,1
16,woody,Gaylussacia baccata,0,0,82
16,woody,Juniperus communis,0,1,1
16,woody,Parthenocissus quinquefolia,1,1,1
16,woody,Ribes cynosbati,2,21,1
16,woody,Rosa carolina,2,1,7
16,woody,Vaccinium corymbosum,0,0,0
16,woody,Vitis sp.,1,1,1
16,herb,Antennaria fallax,1,1,34
16,herb,Agropyron trachycaulum,0,1,0
16,herb,Amphicarpa bracteata,4,53,188
16,herb,Amph. Bract. V com.,0,0,0
16,herb,Andropogon gerardi,0,0,0
16,herb,Andropogon scoparius,0,0,0
16,herb,Aster macrophyllus,5,14,44
16,herb,Aster sagittifolius,1,1,1
16,herb,Cystopteris fragilis,0,1,1
16,herb,Desmodium nudiflorum,8,24,2
16,herb,Desmodium paniculatum,0,0,0
16,herb,Desmodium rotundifolium,0,0,0
16,herb,Erigeron pulchellus,0,1,1
16,herb,Festuca obtusa,1,1,1
16,herb,Galium boreale,1,9,64
16,herb,Galium circaezans,3,1,2
16,herb,Galium pilosum,0,0,0
16,herb,Galium triflorum,0,1,1
16,herb,Geranium maculatum,5,19,9
16,herb,Hepatica americana,67,162,215
16,herb,Heuchera richardsonii,1,2,11
16,herb,Hieracium venosum,0,1,0
16,herb,Hystrix patula,0,0,0
16,herb,Lathyrus ochroleucus,0,0,0
16,herb,Lespedeza intermedia,0,0,0
16,herb,Lespedeza virginica,0,0,0
16,herb,Lysimachia quadrifolia,1,1,1
16,herb,Monarda fistulosa,1,1,1
16,herb,Oenothera biennis,0,0,0
16,herb,Osmorhiza claytoni,0,0,0
16,herb,Panicum dichotomum,0,0,0
16,herb,Panicum latifolium,1,11,0
16,herb,Pedicularis canadensis,0,0,0
16,herb,Phlox pilosa,0,0,1
16,herb,Phryma leptostachya,0,0,0
16,herb,Poa compressa,0,4,12
16,herb,Potentilla simplex,0,0,1
16,herb,Prenanthes alba,1,3,1
16,herb,Prunella vulgaris,0,1,7
16,herb,Rubus flagellaris,0,0,9
16,herb,Rubus occidentalis,1,21,8
16,herb,Rudberckia hirta,0,1,1
16,herb,Sanicula sp.,1,23,1
16,herb,Senecio pauperculus,0,0,0
16,herb,Solidago juncea,0,0,1
16,herb,Solidago nemoralis,0,0,1
16,herb,Taenidia integerrima,0,0,1
16,herb,Thalictrum dioicum,39,176,37
16,herb,Vicia carolina,0,0,0
16,herb,Viola sororia,2,6,3
16,herb,Adiantum pedatum,0,10,0
16,herb,Anemonella thalictroides,1,1,1
16,herb,Apocynum androsaemifolium,0,0,0
16,herb,Asclepias exaltata,9,1,1
16,herb,Asclepias syriaca,0,0,0
16,herb,Carex pensylvanica,49,98,199
16,herb,Euphorbia corrolata,0,0,0
16,herb,Poa pratensis,0,0,1
16,herb,Polygonatum biflorum,1,1,4
16,herb,Pteridium aquilinum,1,0,1
16,herb,Smilacina racemosa,1,1,1
16,herb,Uvulaira grandiflora,1,9,5
16,herb,Veronicastrum virginianum,0,1,0
16,herb,Helianthus divaricatus,2,1,2
16,herb,Parietaria pensylvanica,0,0,0
17,woody,Acer rubrum,23,23,9
17,woody,Amelanchier arborea,13,1,13
17,woody,Amelanchier laevis,1,1,1
17,woody,Amelanchier sanguinea,0,0,0
17,woody,Carya spp.,26,65,13
17,woody,Crataegus sp.,1,1,2
17,woody,Fraxinus americana,0,0,0
17,woody,Hamamelis virginiana,0,0,0
17,woody,Populus grandidentata,1,0,1
17,woody,Prunus serotina,632,188,155
17,woody,Prunus virginiana,1,1,1
17,woody,Quercus alba,98,337,71
17,woody,Quercus rubra,6,0,0
17,woody,Quercus velutina,44,113,104
17,woody,Sassafras albidum,1,1,1
17,woody,Tilia americana,0,0,0
17,woody,Ceanothus americanus,1,9,15
17,woody,Celastrus scandens,0,0,1
17,woody,Cornus racemosa,5,1,1
17,woody,Gaylussacia baccata,0,0,0
17,woody,Juniperus communis,0,0,1
17,woody,Parthenocissus quinquefolia,1,0,1
17,woody,Ribes cynosbati,4,4,1
17,woody,Rosa carolina,48,12,9
17,woody,Vaccinium corymbosum,0,0,0
17,woody,Vitis sp.,1,5,0
17,herb,Antennaria fallax,2,5,6
17,herb,Agropyron trachycaulum,0,0,0
17,herb,Amphicarpa bracteata,250,450,1382
17,herb,Amph. Bract. V com.,1,12,28
17,herb,Andropogon gerardi,0,2,9
17,herb,Andropogon scoparius,0,0,1
17,herb,Aster macrophyllus,0,0,0
17,herb,Aster sagittifolius,1,7,1
17,herb,Cystopteris fragilis,0,0,0
17,herb,Desmodium nudiflorum,24,5,1
17,herb,Desmodium paniculatum,0,0,1
17,herb,Desmodium rotundifolium,1,17,26
17,herb,Erigeron pulchellus,0,1,28
17,herb,Festuca obtusa,0,0,0
17,herb,Galium boreale,0,0,0
17,herb,Galium circaezans,12,31,16
17,herb,Galium pilosum,2,6,9
17,herb,Galium triflorum,0,0,0
17,herb,Geranium maculatum,6,4,2
17,herb,Hepatica americana,32,65,19
17,herb,Heuchera richardsonii,0,0,0
17,herb,Hieracium venosum,15,6,16
17,herb,Hystrix patula,0,0,0
17,herb,Lathyrus ochroleucus,0,4,1
17,herb,Lespedeza intermedia,8,1,31
17,herb,Lespedeza virginica,1,2,15
17,herb,Lysimachia quadrifolia,18,3,1
17,herb,Monarda fistulosa,1,18,17
17,herb,Oenothera biennis,0,0,0
17,herb,Osmorhiza claytoni,0,0,0
17,herb,Panicum dichotomum,0,1,1
17,herb,Panicum latifolium,0,0,0
17,herb,Pedicularis canadensis,0,0,0
17,herb,Phlox pilosa,0,1,4
17,herb,Phryma leptostachya,0,0,0
17,herb,Poa compressa,1,6,5
17,herb,Potentilla simplex,3,1,1
17,herb,Prenanthes alba,1,0,0
17,herb,Prunella vulgaris,0,0,0
17,herb,Rubus flagellaris,1,25,237
17,herb,Rubus occidentalis,1,16,0
17,herb,Rudberckia hirta,0,0,0
17,herb,Sanicula sp.,1,0,0
17,herb,Senecio pauperculus,1,0,1
17,herb,Solidago juncea,1,1,1
17,herb,Solidago nemoralis,1,0,1
17,herb,Taenidia integerrima,1,12,22
17,herb,Thalictrum dioicum,0,0,0
17,herb,Vicia caroliniana,1,1,7
17,herb,Viola sororia,1,1,3
17,herb,Adiantum pedatum,0,0,0
17,herb,Anemonella thalictroides,0,0,0
17,herb,Apocynum androsaemifolium,21,6,0
17,herb,Asclepias exaltata,0,0,0
17,herb,Asclepias syriaca,0,2,1
17,herb,Carex pensylvanica,157,156,268
17,herb,Euphorbia corrolata,0,0,0
17,herb,Poa pratensis,72,62,110
17,herb,Polygonatum biflorum,5,5,1
17,herb,Pteridium aquilinum,80,167,265
17,herb,Smilacina racemosa,20,11,6
17,herb,Uvularia grandiflora,0,0,0
17,herb,Veronicastrum virginianum,0,0,0
17,herb,Helianthus divaricatus,16,34,16
17,herb,Parietaria pensylvanica,0,0,0
18,woody,Acer rubrum,13,6,4
18,woody,Amelanchier arborea,2,1,8
18,woody,Amelanchier laevis,1,1,9
18,woody,Amelanchier sanguinea,1,0,1
18,woody,Carya spp.,90,89,65
18,woody,Crataegus sp.,1,2,1
18,woody,Fraxinus americana,0,0,0
18,woody,Hamamelis virginiana,13,1,0
18,woody,Populus grandidentata,0,0,0
18,woody,Prunus serotina,223,84,64
18,woody,Prunus virginiana,1,1,0
18,woody,Quercus alba,38,16,23
18,woody,Quercus rubra,8,1,1
18,woody,Quercus velutina,24,56,58
18,woody,Sassafras albidum,185,81,7
18,woody,Tilia americana,0,0,0
18,woody,Ceanothus americanus,2,1,1
18,woody,Celastrus scandens,1,0,0
18,woody,Cornus racemosa,1,1,1
18,woody,Gaylussacia baccata,53,0,0
18,woody,Juniperus communis,1,1,1
18,woody,Parthenocissus quinquefolia,1,1,1
18,woody,Ribes cynosbati,8,22,14
18,woody,Rosa carolina,1,1,6
18,woody,Vaccinium corymbosum,1,0,0
18,woody,Vitis sp.,0,0,1
18,herb,Antennaria fallax,1,3,3
18,herb,Agropyron trachycaulum,0,1,0
18,herb,Amphicarpa bracteata,119,40,36
18,herb,Amph. Bract. V com.,0,0,0
18,herb,Andropogon gerardi,0,0,0
18,herb,Andropogon scoparius,0,0,0
18,herb,Aster macrophyllus,4,1,0
18,herb,Aster sagittifolius,8,1,7
18,herb,Cystopteris fragilis,0,0,0
18,herb,Desmodium nudiflorum,125,32,2
18,herb,Desmodium paniculatum,0,0,0
18,herb,Desmodium rotundifolium,0,0,0
18,herb,Erigeron pulchellus,1,0,0
18,herb,Festuca obtusa,1,1,0
18,herb,Galium boreale,0,0,0
18,herb,Galium circaezans,42,19,7
18,herb,Galium pilosum,1,2,1
18,herb,Galium triflorum,1,0,0
18,herb,Geranium maculatum,1,1,1
18,herb,Hepatica americana,101,78,74
18,herb,Heuchera richardsonii,0,0,1
18,herb,Hieracium venosum,4,20,1
18,herb,Hystrix patula,0,0,0
18,herb,Lathyrus ochroleucus,0,0,0
18,herb,Lespedeza intermedia,0,0,15
18,herb,Lespedeza virginica,1,0,2
18,herb,Lysimachia quadrifolia,13,11,1
18,herb,Monarda fistulosa,2,1,9
18,herb,Oenothera biennis,0,0,0
18,herb,Osmorhiza claytoni,0,0,0
18,herb,Panicum dichotomum,1,6,0
18,herb,Panicum latifolium,2,1,0
18,herb,Pedicularis canadensis,0,0,0
18,herb,Phlox pilosa,1,1,1
18,herb,Phryma leptostachya,1,1,1
18,herb,Poa compressa,0,13,1
18,herb,Potentilla simplex,2,1,0
18,herb,Prenanthes alba,0,0,0
18,herb,Prunella vulgaris,0,0,0
18,herb,Rubus flagellaris,56,34,35
18,herb,Rubus occidentalis,23,1,2
18,herb,Rudberckia hirta,0,1,0
18,herb,Sanicula sp.,0,0,0
18,herb,Senecio pauperculus,0,0,0
18,herb,Solidago juncea,1,1,1
18,herb,Solidago nemoralis,1,1,1
18,herb,Taenidia integerrima,5,1,0
18,herb,Thalictrum dioicum,0,0,0
18,herb,Vicia caroliniana,1,1,1
18,herb,Viola sororia,46,7,0
18,herb,Adiantum pedatum,0,0,0
18,herb,Anemonella thalictroides,0,0,0
18,herb,Apocynum androsaemifolium,0,0,0
18,herb,Asclepias exaltata,0,0,0
18,herb,Asclepias syriaca,1,1,1
18,herb,Carex pensylvanica,364,163,151
18,herb,Euphorbia corrolata,1,0,0
18,herb,Poa pratensis,9,3,4
18,herb,Polygonatum biflorum,1,1,1
18,herb,Pteridium aquilinum,13,41,236
18,herb,Smilacina racemosa,20,7,15
18,herb,Uvularia grandiflora,0,0,0
18,herb,Veronicastrum virginianum,0,0,0
18,herb,Helianthus divaricatus,10,5,14
18,herb,Parietaria pensylvanica,0,0,0
19,woody,Acer rubrum,11,19,4
19,woody,Amelanchier arborea,27,3,1
19,woody,Amelanchier laevis,1,1,1
19,woody,Amelanchier sanguinea,2,7,0
19,woody,Carya spp.,9,3,65
19,woody,Crataegus sp.,1,1,1
19,woody,Fraxinus americana,0,0,0
19,woody,Hamamelis virginiana,0,0,0
19,woody,Populus grandidentata,0,0,1
19,woody,Prunus serotina,11,217,166
19,woody,Prunus virginiana,0,1,2
19,woody,Quercus alba,109,1,19
19,woody,Quercus rubra,15,16,1
19,woody,Quercus velutina,54,39,24
19,woody,Sassafras albidum,0,22,1
19,woody,Tilia americana,0,0,0
19,woody,Ceanothus americanus,0,0,0
19,woody,Celastrus scandens,3,0,0
19,woody,Cornus racemosa,1,1,0
19,woody,Gaylussacia baccata,485,594,716
19,woody,Juniperus communis,1,23,38
19,woody,Parthenocissus quinquefolia,1,1,0
19,woody,Ribes cynosbati,1,1,1
19,woody,Rosa carolina,9,5,5
19,woody,Vaccinium corymbosum,11,1,0
19,woody,Vitis sp.,0,2,1
19,herb,Antennaria fallax,6,5,4
19,herb,Agropyron trachycaulum,0,0,0
19,herb,Amphicarpa bracteata,15,1,20
19,herb,Amph. Bract. V com.,0,0,0
19,herb,Andropogon gerardi,0,0,0
19,herb,Andropogon scoparius,1,0,0
19,herb,Aster macrophyllus,1,1,0
19,herb,Aster sagittifolius,3,1,1
19,herb,Cystopteris fragilis,0,0,0
19,herb,Desmodium nudiflorum,1,0,0
19,herb,Desmodium paniculatum,0,0,0
19,herb,Desmodium rotundifolium,0,0,0
19,herb,Erigeron pulchellus,1,0,0
19,herb,Festuca obtusa,0,0,0
19,herb,Galium boreale,1,0,0
19,herb,Galium circaezans,1,1,1
19,herb,Galium pilosum,1,1,5
19,herb,Galium triflorum,0,0,0
19,herb,Geranium maculatum,0,0,0
19,herb,Hepatica americana,2,2,0
19,herb,Heuchera richardsonii,0,0,0
19,herb,Hieracium venosum,2,1,0
19,herb,Hystrix patula,0,0,0
19,herb,Lathyrus ochroleucus,0,0,0
19,herb,Lespedeza intermedia,0,0,0
19,herb,Lespedeza virginica,2,1,1
19,herb,Lysimachia quadrifolia,0,0,0
19,herb,Monarda fistulosa,1,0,1
19,herb,Oenothera biennis,0,0,0
19,herb,Osmorhiza claytoni,0,0,0
19,herb,Panicum dichotomum,1,1,1
19,herb,Panicum latifolium,1,0,0
19,herb,Pedicularis canadensis,0,0,0
19,herb,Phlox pilosa,1,0,0
19,herb,Phryma leptostachya,0,0,1
19,herb,Poa compressa,12,10,5
19,herb,Potentilla simplex,2,2,5
19,herb,Prenanthes alba,0,0,0
19,herb,Prunella vulgaris,0,0,0
19,herb,Rubus flagellaris,1,37,71
19,herb,Rubus occidentalis,1,1,2
19,herb,Rudberckia hirta,1,1,0
19,herb,Sanicula sp.,0,0,0
19,herb,Senecio pauperculus,0,0,0
19,herb,Solidago juncea,2,1,1
19,herb,Solidago nemoralis,2,3,1
19,herb,Taenidia integerrima,1,1,1
19,herb,Thalictrum dioicum,0,0,0
19,herb,Vicia caroliniana,1,14,1
19,herb,Viola sororia,0,0,0
19,herb,Adiantum pedatum,0,0,0
19,herb,Anemonella thalictroides,0,0,0
19,herb,Apocynum androsaemifolium,9,1,1
19,herb,Asclepias exaltata,0,0,0
19,herb,Asclepias syriaca,1,1,1
19,herb,Carex pensylvanica,148,138,90
19,herb,Euphorbia corrolata,1,1,1
19,herb,Poa pratensis,3,1,0
19,herb,Polygonatum biflorum,1,2,3
19,herb,Pteridium aquilinum,312,225,225
19,herb,Smilacina racemosa,1,1,1
19,herb,Uvularia grandiflora,0,0,0
19,herb,Veronicastrum virginianum,0,0,0
19,herb,Helianthus divaricatus,2,1,1
19,herb,Parietaria pensylvanica,0,0,0